time,IR
0.019, 619
0.039, 631
0.059, 637
0.080, 633
0.098, 627
0.119, 627
0.139, 654
0.160, 621
0.180, 613
0.200, 607
0.221, 606
0.239, 619
0.259, 599
0.279, 605
0.300, 597
0.320, 588
0.341, 573
0.361, 581
0.380, 586
0.400, 572
0.421, 557
0.440, 567
0.461, 547
0.481, 529
0.499, 545
0.520, 585
0.540, 628
0.561, 672
0.581, 700
0.602, 733
0.622, 743
0.641, 750
0.660, 756
0.681, 764
0.701, 758
0.722, 750
0.742, 735
0.763, 746
0.781, 735
0.802, 723
0.822, 715
0.843, 691
0.862, 682
0.882, 676
0.903, 682
0.921, 653
0.942, 638
0.962, 619
0.983, 616
1.003, 620
1.024, 602
1.042, 605
1.063, 585
1.082, 579
1.103, 574
1.123, 577
1.144, 568
1.164, 577
1.182, 583
1.203, 587
1.223, 600
1.244, 603
1.264, 628
1.285, 628
1.303, 630
1.323, 638
1.343, 645
1.364, 645
1.384, 634
1.405, 651
1.425, 657
1.444, 661
1.464, 653
1.485, 647
1.505, 637
1.526, 708
1.545, 1370
1.564, 2484
1.584, 3475
1.604, 3950
1.625, 4231
1.645, 4915
1.666, 6239
1.684, 8450
1.705, 10655
1.725, 11677
1.746, 12524
1.766, 13731
1.785, 15685
1.805, 18227
1.826, 21695
1.846, 27364
1.867, 36489
1.885, 50968
1.905, 67470
1.926, 80374
1.946, 91131
1.967, 92474
1.985, 93839
2.006, 96485
2.026, 98303
2.047, 99216
2.067, 99952
2.086, 100307
2.106, 100659
2.128, 101001
2.148, 101244
2.167, 101325
2.187, 101394
2.208, 101423
2.228, 101402
2.248, 101430
2.267, 101435
2.287, 101598
2.308, 101682
2.328, 101824
2.347, 102059
2.367, 102151
2.388, 102053
2.408, 102069
2.427, 102217
2.448, 102336
2.469, 102435
2.489, 102363
2.510, 102301
2.528, 102248
2.549, 102085
2.569, 101938
2.589, 101812
2.608, 101679
2.628, 101432
2.649, 101129
2.669, 101039
2.690, 100826
2.708, 100554
2.729, 100455
2.749, 100589
2.770, 100722
2.789, 100776
2.810, 100802
2.830, 100796
2.851, 100721
2.871, 100642
2.889, 100657
2.910, 100740
2.930, 100869
2.951, 100950
2.969, 101033
2.990, 101052
3.010, 101167
3.031, 101262
3.049, 101373
3.070, 101437
3.090, 101461
3.111, 101430
3.131, 101395
3.151, 101423
3.171, 101496
3.192, 101478
3.212, 101474
3.230, 101407
3.251, 101355
3.271, 101364
3.292, 101348
3.312, 101327
3.331, 101370
3.351, 101390
3.372, 101360
3.392, 101275
3.411, 101297
3.431, 101337
3.452, 101336
3.472, 101325
3.492, 101370
3.512, 101353
3.533, 101316
3.553, 101369
3.574, 101409
3.592, 101479
3.612, 101533
3.633, 101569
3.653, 101519
3.672, 101487
3.692, 101364
3.713, 101299
3.733, 101248
3.754, 101248
3.772, 101232
3.794, 101183
3.814, 101053
3.835, 100919
3.853, 100822
3.874, 100801
3.894, 100745
3.915, 100746
3.935, 100746
3.953, 100740
3.974, 100720
3.994, 100698
4.015, 100695
4.033, 100736
4.054, 100764
4.074, 100721
4.095, 100741
4.114, 100772
4.135, 100804
4.155, 100758
4.176, 100720
4.196, 100687
4.215, 100712
4.235, 100749
4.256, 100718
4.276, 100731
4.294, 100704
4.315, 100699
4.335, 100714
4.356, 100736
4.374, 100738
4.395, 100755
4.415, 100772
4.437, 100760
4.457, 100744
4.476, 100759
4.496, 100787
4.517, 100762
4.537, 100747
4.556, 100797
4.576, 100796
4.597, 100766
4.617, 100705
4.637, 100621
4.656, 100558
4.676, 100484
4.697, 100478
4.717, 100459
4.737, 100420
4.757, 100329
4.778, 100274
4.798, 100244
4.817, 100266
4.837, 100309
4.858, 100297
4.878, 100294
4.899, 100259
4.917, 100278
4.937, 100300
4.958, 100270
4.978, 100230
4.997, 100200
5.017, 100193
5.038, 100226
5.058, 100261
5.079, 100249
5.098, 100260
5.119, 100287
5.139, 100312
5.160, 100280
5.178, 100286
5.199, 100267
5.219, 100254
5.240, 100256
5.260, 100257
5.278, 100236
5.299, 100248
5.319, 100240
5.340, 100226
5.358, 100238
5.379, 100222
5.399, 100188
5.420, 100225
5.439, 100261
5.460, 100285
5.480, 100339
5.501, 100357
5.521, 100421
5.540, 100418
5.560, 100422
5.581, 100378
5.601, 100343
5.619, 100368
5.640, 100383
5.660, 100418
5.681, 100378
5.701, 100331
5.720, 100278
5.740, 100258
5.761, 100285
5.782, 100299
5.801, 100341
5.821, 100389
5.842, 100426
5.862, 100485
5.883, 100555
5.901, 100617
5.922, 100628
5.942, 100666
5.963, 100726
5.981, 100828
6.001, 100880
6.022, 100875
6.042, 100895
6.061, 100966
6.081, 101037
6.102, 101058
6.123, 101099
6.144, 101129
6.162, 101196
6.183, 101242
6.203, 101246
6.224, 101281
6.242, 101270
6.263, 101287
6.283, 101298
6.304, 101333
6.324, 101372
6.342, 101409
6.363, 101421
6.383, 101416
6.404, 101419
6.423, 101449
6.444, 101457
6.464, 101478
6.485, 101428
6.503, 101355
6.524, 101342
6.544, 101368
6.565, 101376
6.585, 101425
6.604, 101493
6.624, 101448
6.645, 101404
6.665, 101360
6.683, 101309
6.704, 101305
6.724, 101350
6.745, 101348
6.765, 101363
6.785, 101363
6.805, 101326
6.826, 101275
6.846, 101177
6.865, 101035
6.885, 100904
6.906, 100762
6.926, 100690
6.947, 100680
6.965, 100698
6.985, 100698
7.006, 100678
7.026, 100675
7.045, 100719
7.065, 100703
7.086, 100719
7.106, 100721
7.127, 100675
7.146, 100651
7.167, 100630
7.187, 100664
7.208, 100698
7.226, 100723
7.247, 100705
7.267, 100716
7.288, 100770
7.306, 100787
7.326, 100761
7.347, 100685
7.367, 100588
7.388, 100467
7.406, 100378
7.427, 100359
7.448, 100272
7.469, 100172
7.487, 100089
7.508, 100037
7.528, 99979
7.549, 99923
7.569, 99912
7.588, 99905
7.608, 99855
7.629, 99801
7.649, 99737
7.670, 99716
7.688, 99707
7.708, 99709
7.729, 99755
7.749, 99761
7.770, 99755
7.788, 99797
7.809, 99814
7.829, 99870
7.850, 99871
7.870, 99822
7.889, 99801
7.909, 99785
7.930, 99765
7.950, 99738
7.971, 99721
7.989, 99752
8.009, 99771
8.030, 99813
8.050, 99865
8.071, 99893
8.089, 99928
8.110, 99978
8.130, 99973
8.151, 99946
8.171, 99939
8.190, 99906
8.210, 99824
8.231, 99797
8.251, 99810
8.272, 99775
8.290, 99743
8.311, 99670
8.331, 99632
8.352, 99610
8.372, 99635
8.390, 99715
8.411, 99750
8.431, 99766
8.452, 99793
8.472, 99770
8.491, 99777
8.511, 99829
8.532, 99867
8.552, 99929
8.573, 99988
8.591, 100085
8.612, 100103
8.632, 100132
8.653, 100203
8.672, 100297
8.693, 100396
8.713, 100440
8.733, 100516
8.752, 100532
8.772, 100578
8.793, 100642
8.813, 100708
8.834, 100735
8.852, 100706
8.873, 100636
8.893, 100384
8.914, 99722
8.932, 96638
8.953, 64704
8.973, 32111
8.994, 17647
9.014, 11590
9.032, 8811
9.053, 7432
9.073, 6964
9.094, 6958
9.114, 7141
9.135, 7412
9.153, 7445
9.174, 7438
9.194, 7495
9.215, 7716
9.235, 7929
9.254, 8015
9.274, 8024
9.295, 8081
9.315, 8165
9.336, 8330
9.356, 8447
9.374, 8476
9.395, 8361
9.415, 8303
9.436, 8116
9.456, 7553
9.475, 6612
9.495, 5432
9.516, 4238
9.536, 3198
9.556, 2378
9.576, 1734
9.596, 1320
9.615, 1052
9.636, 853
9.656, 763
9.677, 719
9.697, 687
9.715, 723
9.736, 685
9.756, 692
9.777, 663
9.797, 643
9.818, 621
9.837, 628
9.857, 629
9.876, 627
9.897, 605
9.917, 596
9.938, 582
9.958, 584
9.977, 587
9.997, 586
10.018, 583
10.038, 574
10.059, 607
10.079, 595
10.097, 626
10.118, 608
10.137, 633
10.158, 624
10.178, 626
10.199, 653
10.217, 658
10.238, 651
10.258, 663
10.279, 658
10.299, 661
10.320, 660
10.338, 668
10.359, 669
10.379, 646
10.400, 657
10.420, 655
10.438, 662
10.459, 641
10.479, 651
10.500, 631
10.520, 646
10.541, 638
10.559, 630
10.580, 639
10.599, 616
10.620, 618
10.640, 616
10.661, 624
10.679, 625
10.700, 598
10.720, 610
10.741, 589
10.761, 572
10.781, 568
10.800, 570
10.820, 561
10.841, 530
10.861, 571
10.882, 609
10.902, 635
10.921, 706
10.941, 690
10.962, 722
10.981, 728
11.002, 737
11.020, 743
11.041, 753
11.061, 751
11.081, 742
11.102, 721
11.122, 719
11.141, 711
11.161, 716
11.182, 702
11.202, 660
11.223, 696
11.243, 677
11.262, 654
11.282, 680
11.303, 666
11.323, 645
11.344, 633
11.364, 659
11.383, 616
11.403, 636
11.422, 620
11.443, 616
11.463, 593
11.484, 580
11.502, 593
11.523, 592
11.543, 581
11.564, 574
11.584, 573
11.603, 594
11.623, 598
11.644, 623
11.664, 606
11.685, 619
11.705, 635
11.724, 624
11.744, 642
11.765, 651
11.785, 637
11.805, 660
11.825, 639
11.844, 663
11.864, 659
11.884, 665
11.905, 670
11.925, 649
11.946, 660
11.964, 651
11.985, 658
12.005, 652
12.026, 641
12.046, 631
12.065, 647
12.085, 636
12.105, 626
12.126, 637
12.146, 632
12.167, 597
12.185, 613
12.206, 621
12.226, 611
12.247, 603
12.266, 584
12.287, 574
12.305, 570
12.326, 571
12.346, 711
12.367, 1171
12.387, 1908
12.406, 1882
12.426, 1481
12.446, 1091
12.467, 879
12.487, 752
12.508, 715
12.526, 716
12.547, 682
12.567, 700
12.588, 688
12.608, 708
12.627, 676
12.647, 678
12.668, 687
12.688, 668
12.709, 668
12.729, 632
12.748, 679
12.768, 699
12.789, 810
12.809, 978
12.828, 1393
12.849, 1979
12.868, 2468
12.889, 2723
12.909, 2884
12.929, 3149
12.949, 3523
12.969, 3903
12.989, 4318
13.010, 4851
13.029, 5611
13.050, 6411
13.069, 7242
13.090, 8129
13.110, 9024
13.129, 10392
13.151, 13076
13.169, 15940
13.190, 17334
13.210, 18522
13.231, 20099
13.249, 24820
13.270, 36982
13.290, 49178
13.311, 58648
13.331, 64065
13.350, 67496
13.370, 70052
13.391, 70093
13.411, 68370
13.430, 67603
13.450, 66569
13.472, 64563
13.492, 62589
13.510, 60297
13.531, 62007
13.551, 71052
13.572, 81065
13.592, 92569
13.611, 98831
13.631, 100937
13.652, 99598
13.672, 96151
13.691, 93713
13.711, 87896
13.732, 81871
13.752, 81653
13.772, 82547
13.792, 84113
13.813, 87158
13.833, 94718
13.853, 100457
13.872, 102950
13.892, 104018
13.913, 104268
13.933, 103615
13.952, 103124
13.972, 103028
13.993, 103129
14.014, 103198
14.033, 103277
14.053, 102909
14.074, 102331
14.094, 101900
14.113, 101688
14.133, 101624
14.153, 101427
14.174, 101313
14.193, 101361
14.214, 101540
14.234, 101788
14.253, 101794
14.273, 101568
14.294, 101433
14.314, 101334
14.334, 101356
14.354, 101346
14.375, 101204
14.395, 101009
14.414, 100808
14.434, 100657
14.455, 100584
14.475, 100517
14.493, 100518
14.514, 100538
14.535, 100460
14.556, 100363
14.574, 100145
14.595, 99881
14.615, 99604
14.636, 99379
14.656, 99203
14.675, 98940
14.695, 98660
14.716, 98457
14.736, 98491
14.755, 98548
14.775, 98514
14.796, 98408
14.816, 98266
14.835, 98088
14.856, 97902
14.876, 97891
14.897, 98118
14.917, 98302
14.936, 98482
14.956, 98520
14.977, 98506
14.997, 98749
15.016, 99170
15.036, 99448
15.057, 99750
15.077, 100168
15.098, 100348
15.117, 100282
15.138, 100349
15.158, 100513
15.179, 100744
15.197, 100985
15.217, 101073
15.238, 101010
15.256, 100981
15.277, 100958
15.298, 100796
15.319, 100626
15.337, 100623
15.358, 100780
15.378, 100855
15.399, 100763
15.417, 100576
15.438, 100407
15.458, 100374
15.479, 100464
15.498, 100492
15.518, 100421
15.539, 100237
15.559, 100095
15.578, 100026
15.598, 99959
15.619, 99874
15.639, 99828
15.658, 99814
15.679, 99827
15.700, 99902
15.720, 100014
15.741, 100060
15.759, 100011
15.780, 99885
15.800, 99731
15.821, 99574
15.839, 99546
15.859, 99573
15.880, 99415
15.900, 99239
15.919, 99112
15.939, 99101
15.960, 99215
15.980, 99336
16.001, 99334
16.020, 99202
16.041, 99009
16.061, 98869
16.082, 98774
16.100, 98736
16.121, 98699
16.141, 98582
16.162, 98415
16.182, 98275
16.200, 98271
16.221, 98363
16.241, 98438
16.262, 98576
16.280, 98623
16.301, 98669
16.321, 98675
16.342, 98668
16.362, 98632
16.382, 98641
16.402, 98548
16.423, 98466
16.443, 98425
16.462, 98422
16.482, 98361
16.503, 98268
16.523, 98209
16.544, 98253
16.562, 98312
16.582, 98352
16.603, 98291
16.623, 98195
16.642, 98145
16.662, 98145
16.683, 98172
16.703, 98091
16.723, 97930
16.743, 97796
16.764, 97738
16.784, 97808
16.805, 97761
16.823, 97726
16.844, 97784
16.864, 97853
16.885, 97796
16.903, 97696
16.923, 97642
16.944, 97796
16.964, 97969
16.985, 97944
17.003, 97866
17.024, 97935
17.044, 98017
17.065, 98109
17.084, 98098
17.105, 98012
17.125, 97944
17.146, 97912
17.166, 98018
17.185, 98120
17.205, 98094
17.225, 98004
17.246, 97900
17.264, 97816
17.285, 97787
17.305, 97926
17.326, 98008
17.346, 97903
17.365, 97831
17.385, 97741
17.406, 97706
17.426, 97654
17.446, 97617
17.466, 97602
17.487, 97459
17.507, 97350
17.528, 97257
17.546, 97317
17.566, 97459
17.587, 97544
17.607, 97574
17.626, 97547
17.646, 97589
17.667, 97600
17.687, 97669
17.708, 97726
17.726, 97776
17.747, 97879
17.767, 97980
17.788, 97912
17.807, 97894
17.828, 97942
17.848, 97949
17.869, 97907
17.887, 97872
17.907, 97754
17.928, 97795
17.948, 97926
17.969, 98021
17.987, 98031
18.008, 98025
18.028, 97990
18.049, 98045
18.067, 98158
18.088, 98054
18.108, 98010
18.129, 98060
18.149, 98049
18.169, 98043
18.189, 97936
18.210, 97797
18.230, 97738
18.248, 97677
18.269, 97719
18.289, 97811
18.310, 97898
18.330, 97925
18.349, 97911
18.369, 98014
18.390, 98004
18.410, 98003
18.429, 97936
18.449, 97918
18.470, 97935
18.490, 97922
18.511, 97988
18.530, 98102
18.551, 98196
18.571, 98153
18.592, 98033
18.610, 98053
18.630, 97984
18.651, 97964
18.671, 97862
18.690, 97740
18.710, 97713
18.731, 97702
18.751, 97712
18.772, 97677
18.790, 97725
18.811, 97796
18.831, 97747
18.852, 97690
18.871, 97581
18.892, 97510
18.912, 97577
18.933, 97623
18.953, 97642
18.971, 97555
18.992, 97465
19.012, 97439
19.033, 97479
19.051, 97568
19.072, 97630
19.092, 97619
19.113, 97629
19.133, 97651
19.152, 97753
19.172, 97859
19.193, 97900
19.213, 97903
19.233, 97913
19.253, 97969
19.273, 97944
19.294, 97958
19.312, 98001
19.333, 98164
19.353, 98218
19.374, 98242
19.394, 98286
19.413, 98325
19.433, 98391
19.454, 98349
19.474, 98327
19.493, 98281
19.513, 98226
19.534, 98238
19.554, 98320
19.575, 98351
19.594, 98364
19.614, 98313
19.635, 98280
19.655, 98213
19.674, 98102
19.694, 98047
19.715, 98115
19.735, 98221
19.754, 98258
19.774, 98226
19.795, 98356
19.815, 98316
19.836, 98334
19.854, 98450
19.876, 98507
19.896, 98548
19.917, 98558
19.935, 98674
19.955, 98820
19.976, 99006
19.996, 99228
20.017, 99416
20.035, 99518
20.056, 99505
20.076, 99604
20.097, 99642
20.115, 99583
20.136, 99456
20.156, 99474
20.177, 99547
20.197, 99534
20.217, 99468
20.237, 99388
20.258, 99256
20.278, 99319
20.296, 99380
20.317, 99375
20.337, 99449
20.358, 99378
20.376, 99358
20.397, 99290
20.417, 99292
20.438, 99212
20.458, 99283
20.477, 99359
20.497, 99421
20.518, 99362
20.538, 99255
20.557, 99115
20.578, 99164
20.599, 99131
20.619, 99192
20.640, 99281
20.658, 99338
20.678, 99284
20.699, 99243
20.719, 99165
20.738, 99250
20.758, 99432
20.779, 99484
20.799, 99581
20.820, 99569
20.838, 99653
20.859, 99758
20.879, 99698
20.900, 99586
20.918, 99638
20.940, 99716
20.960, 99652
20.981, 99578
21.001, 99636
21.019, 99629
21.040, 99702
21.060, 99704
21.081, 99729
21.099, 99747
21.120, 99607
21.140, 99645
21.161, 99680
21.181, 99704
21.200, 99561
21.220, 99350
21.241, 99383
21.261, 99433
21.280, 99371
21.301, 99280
21.321, 99323
21.342, 99494
21.360, 99628
21.381, 99608
21.401, 99535
21.422, 99468
21.442, 99531
21.461, 99661
21.481, 99841
21.502, 99918
21.522, 100153
21.541, 100681
21.561, 101117
21.582, 101268
21.603, 101205
21.622, 101076
21.642, 100947
21.662, 100912
21.683, 100931
21.701, 100946
21.722, 100838
21.742, 100816
21.763, 100855
21.782, 100908
21.803, 100883
21.823, 100759
21.844, 100636
21.862, 100496
21.883, 100389
21.903, 100354
21.924, 100406
21.943, 100406
21.964, 100274
21.984, 100230
22.005, 100247
22.023, 100178
22.043, 100119
22.064, 100089
22.084, 100029
22.103, 100068
22.123, 100149
22.145, 100151
22.165, 100126
22.184, 100066
22.204, 99951
22.225, 99905
22.245, 99931
22.264, 100002
22.284, 100015
22.305, 99959
22.325, 99907
22.344, 99920
22.365, 99867
22.385, 99767
22.406, 99668
22.426, 99559
22.445, 99456
22.465, 99426
22.486, 99413
22.506, 99381
22.525, 99335
22.545, 99262
22.566, 99210
22.586, 99164
22.605, 99148
22.625, 99192
22.646, 99152
22.666, 99066
22.686, 98943
22.706, 98831
22.726, 98752
22.747, 98741
22.767, 98784
22.786, 98829
22.806, 98845
22.827, 98848
22.847, 98827
22.868, 98778
22.886, 98787
22.907, 98841
22.927, 98886
22.948, 98776
22.966, 98705
22.987, 98618
23.007, 98644
23.027, 98708
23.048, 98674
23.067, 98720
23.088, 98625
23.108, 98546
23.129, 98533
23.147, 98526
23.168, 98442
23.188, 98351
23.209, 98299
23.229, 98267
23.248, 98219
23.268, 98257
23.289, 98309
23.309, 98300
23.328, 98382
23.348, 98334
23.368, 98269
23.389, 98334
23.408, 98405
23.429, 98318
23.449, 98163
23.470, 98044
23.490, 98058
23.509, 98070
23.529, 98037
23.550, 98040
23.570, 98146
23.589, 98262
23.609, 98289
23.630, 98330
23.650, 98371
23.671, 98389
23.689, 98354
23.709, 98292
23.730, 98244
23.750, 98275
23.770, 98364
23.790, 98335
23.811, 98249
23.831, 98176
23.852, 98088
23.870, 98010
23.891, 97913
23.911, 97933
23.932, 97971
23.950, 97883
23.971, 97762
23.991, 97726
24.012, 97735
24.030, 97702
24.050, 97602
24.071, 97523
24.091, 97500
24.112, 97531
24.130, 97510
24.151, 97500
24.172, 97514
24.193, 97570
24.211, 97569
24.232, 97552
24.252, 97573
24.273, 97612
24.293, 97622
24.312, 97609
24.332, 97586
24.353, 97612
24.373, 97646
24.391, 97678
24.412, 97760
24.432, 97814
24.453, 97839
24.473, 97865
24.493, 97800
24.513, 97703
24.534, 97693
24.554, 97662
24.573, 97543
24.593, 97405
24.614, 97361
24.634, 97447
24.653, 97505
24.673, 97457
24.694, 97399
24.714, 97331
24.734, 97206
24.753, 97158
24.773, 97223
24.794, 97223
24.814, 97145
24.834, 97066
24.854, 96874
24.875, 96825
24.895, 96858
24.916, 96946
24.934, 97037
24.955, 96964
24.975, 96874
24.996, 96889
25.014, 96867
25.035, 96857
25.055, 96905
25.075, 97007
25.096, 97067
25.114, 97114
25.135, 97137
25.155, 97230
25.176, 97217
25.195, 97192
25.216, 97196
25.236, 97235
25.257, 97246
25.275, 97219
25.296, 97224
25.316, 97312
25.337, 97383
25.357, 97399
25.376, 97401
25.396, 97330
25.416, 97267
25.437, 97311
25.455, 97411
25.476, 97469
25.496, 97460
25.517, 97352
25.537, 97325
25.557, 97386
25.577, 97472
25.598, 97503
25.618, 97508
25.637, 97532
25.657, 97531
25.678, 97532
25.698, 97582
25.717, 97709
25.737, 97841
25.757, 97897
25.778, 97865
25.798, 97873
25.817, 98016
25.837, 98151
25.858, 98229
25.878, 98227
25.898, 98198
25.918, 98160
25.939, 98187
25.959, 98266
25.980, 98295
25.998, 98187
26.019, 98132
26.039, 98158
26.060, 98163
26.078, 98162
26.098, 98107
26.119, 98072
26.139, 98053
26.160, 98082
26.178, 98099
26.199, 98076
26.219, 98093
26.240, 98081
26.259, 98051
26.280, 97970
26.300, 98007
26.321, 98116
26.341, 98112
26.360, 98122
26.380, 98103
26.401, 98135
26.421, 98187
26.439, 98232
26.460, 98207
26.480, 98201
26.501, 98232
26.519, 98218
26.540, 98183
26.560, 98190
26.581, 98204
26.601, 98219
26.621, 98227
26.641, 98114
26.662, 98022
26.682, 98012
26.701, 98026
26.721, 98047
26.742, 98024
26.762, 98029
26.782, 97982
26.801, 97929
26.821, 97926
26.842, 97959
26.862, 97907
26.881, 97838
26.901, 97737
26.922, 97712
26.942, 97637
26.963, 97574
26.982, 97499
27.003, 97432
27.023, 97449
27.044, 97394
27.062, 97345
27.083, 97314
27.103, 97361
27.123, 97415
27.144, 97372
27.162, 97404
27.183, 97406
27.203, 97395
27.224, 97428
27.242, 97510
27.263, 97565
27.283, 97611
27.304, 97549
27.324, 97478
27.344, 97527
27.364, 97527
27.385, 97499
27.405, 97429
27.424, 97453
27.444, 97469
27.464, 97535
27.485, 97538
27.503, 97532
27.524, 97525
27.544, 97391
27.565, 97216
27.585, 97010
27.604, 96669
27.624, 96114
27.645, 94961
27.665, 85500
27.685, 74960
27.705, 62982
27.726, 52124
27.746, 44381
27.767, 41286
27.785, 38125
27.805, 36402
27.826, 39113
27.846, 48083
27.865, 63142
27.885, 77295
27.906, 85939
27.926, 87084
27.945, 87767
27.965, 88072
27.986, 88251
28.006, 88674
28.027, 89229
28.046, 89544
28.067, 89764
28.087, 90135
28.108, 90617
28.126, 90804
28.146, 91009
28.167, 91180
28.187, 91347
28.208, 91451
28.226, 91609
28.247, 91950
28.267, 92398
28.288, 92595
28.306, 92638
28.327, 92716
28.347, 92855
28.368, 92948
28.388, 92969
28.408, 93040
28.428, 93161
28.449, 93161
28.469, 93106
28.487, 93068
28.508, 93029
28.528, 93078
28.549, 93140
28.569, 93119
28.588, 93067
28.608, 93075
28.629, 93076
28.649, 93176
28.668, 93446
28.688, 93635
28.709, 93819
28.729, 94033
28.750, 94186
28.769, 94388
28.790, 94512
28.810, 94665
28.830, 94666
28.849, 94574
28.869, 94509
28.890, 94393
28.910, 94406
28.931, 94573
28.949, 94744
28.970, 94829
28.990, 94942
29.011, 95126
29.029, 95241
29.050, 95321
29.070, 95326
29.091, 95393
29.111, 95544
29.131, 95617
29.151, 95638
29.171, 95554
29.192, 95477
29.210, 95535
29.231, 95533
29.251, 95504
29.272, 95435
29.292, 95331
29.311, 95237
29.331, 95292
29.352, 95347
29.372, 95317
29.391, 95384
29.411, 95501
29.432, 95604
29.452, 95636
29.472, 95594
29.492, 95567
29.512, 95620
29.533, 95730
29.553, 95740
29.572, 95816
29.592, 95877
29.613, 95932
29.633, 96024
29.652, 96059
29.672, 96054
29.693, 96115
29.713, 96062
29.734, 95962
29.752, 96044
29.773, 96182
29.793, 96281
29.815, 96273
29.833, 96282
29.853, 96301
29.874, 96360
29.894, 96329
29.915, 96363
29.933, 96471
29.954, 96518
29.974, 96444
29.995, 96377
30.013, 96445
30.034, 96576
30.054, 96574
30.075, 96398
30.095, 96237
30.114, 96138
30.134, 96105
30.155, 95985
30.176, 95843
30.194, 95752
30.215, 95744
30.235, 95672
30.256, 95574
30.276, 95472
30.295, 95499
30.315, 95576
30.336, 95616
30.356, 95590
30.375, 95523
30.395, 95545
30.416, 95568
30.436, 95560
30.455, 95553
30.475, 95550
30.497, 95582
30.517, 95616
30.537, 95689
30.556, 95642
30.576, 95540
30.597, 95526
30.617, 95588
30.636, 95566
30.656, 95500
30.677, 95477
30.697, 95384
30.718, 95301
30.736, 95291
30.757, 95418
30.777, 95537
30.798, 95521
30.817, 95477
30.838, 95526
30.858, 95561
30.878, 95617
30.899, 95593
30.917, 95465
30.938, 95354
30.958, 95308
30.979, 95195
30.997, 95098
31.018, 95048
31.038, 95046
31.059, 95005
31.077, 94999
31.098, 94987
31.118, 94966
31.139, 94914
31.159, 94808
31.179, 94831
31.199, 94887
31.219, 94926
31.240, 94937
31.258, 94993
31.279, 95047
31.299, 95123
31.320, 95156
31.340, 95177
31.359, 95213
31.379, 95120
31.400, 95045
31.420, 95080
31.439, 95097
31.459, 95080
31.480, 95069
31.500, 95067
31.521, 95100
31.540, 95287
31.560, 95465
31.581, 95603
31.601, 95662
31.620, 95584
31.640, 95547
31.661, 95641
31.681, 95769
31.702, 95770
31.720, 95769
31.741, 95755
31.761, 95666
31.782, 95511
31.800, 95517
31.821, 95479
31.841, 95346
31.862, 95271
31.882, 95243
31.901, 95172
31.922, 95079
31.942, 95063
31.963, 95135
31.981, 95155
32.002, 95104
32.022, 95014
32.043, 94961
32.063, 95027
32.082, 95188
32.102, 95339
32.123, 95329
32.143, 95305
32.162, 95299
32.182, 95278
32.203, 95245
32.223, 95225
32.242, 95172
32.263, 95168
32.283, 95213
32.304, 95239
32.324, 95160
32.343, 95112
32.363, 95110
32.384, 95075
32.404, 95119
32.423, 95180
32.443, 95202
32.464, 95316
32.484, 95407
32.505, 95434
32.523, 95553
32.544, 95632
32.564, 95625
32.584, 95460
32.604, 95360
32.624, 95328
32.645, 95350
32.665, 95337
32.686, 95292
32.704, 95294
32.725, 95256
32.745, 95193
32.766, 95119
32.784, 95180
32.805, 95196
32.825, 95264
32.846, 95265
32.866, 95307
32.885, 95414
32.905, 95494
32.925, 95473
32.946, 95526
32.965, 95624
32.986, 95676
33.006, 95683
33.027, 95673
33.047, 95748
33.066, 95814
33.086, 95805
33.107, 95724
33.127, 95592
33.146, 95643
33.166, 95636
33.187, 95615
33.207, 95578
33.228, 95596
33.246, 95584
33.266, 95566
33.287, 95613
33.307, 95669
33.326, 95822
33.346, 95931
33.368, 95922
33.388, 95959
33.409, 96056
33.427, 96090
33.448, 96030
33.468, 95915
33.489, 95862
33.507, 95804
33.528, 95755
33.548, 95662
33.569, 95519
33.587, 95413
33.607, 95378
33.628, 95433
33.648, 95479
33.669, 95501
33.688, 95547
33.709, 95469
33.729, 95403
33.750, 95393
33.768, 95461
33.789, 95496
33.809, 95500
33.830, 95469
33.850, 95486
33.869, 95561
33.889, 95583
33.910, 95612
33.930, 95633
33.948, 95614
33.969, 95547
33.989, 95545
34.010, 95519
34.030, 95582
34.049, 95659
34.069, 95704
34.090, 95753
34.111, 95775
34.130, 95831
34.150, 95747
34.171, 95660
34.191, 95726
34.212, 95705
34.230, 95666
34.251, 95522
34.271, 95265
34.291, 95085
34.310, 94883
34.330, 94621
34.351, 94340
34.371, 93765
34.392, 92112
34.410, 89902
34.431, 89308
34.451, 77569
34.472, 56262
34.491, 35478
34.512, 21072
34.532, 12156
34.553, 7254
34.573, 4612
34.592, 3043
34.612, 2113
34.632, 1508
34.653, 1163
34.673, 926
34.692, 799
34.712, 747
34.733, 670
34.753, 587
34.773, 578
34.793, 573
34.812, 603
34.832, 608
34.853, 627
34.873, 629
34.894, 622
34.912, 633
34.933, 652
34.953, 644
34.973, 638
34.994, 620
35.014, 619
35.033, 626
35.053, 643
35.074, 636
35.094, 630
35.115, 625
35.135, 612
35.154, 606
35.174, 612
35.195, 608
35.214, 621
35.235, 636
35.255, 621
35.273, 622
35.294, 609
35.314, 619
35.335, 601
35.355, 600
35.376, 572
35.394, 579
35.415, 580
35.435, 587
35.456, 565
35.476, 558
35.497, 539
35.515, 553
35.536, 619
35.556, 639
35.577, 705
35.596, 708
35.616, 765
35.635, 773
35.655, 788
35.676, 759
35.696, 778
35.717, 779
35.735, 771
35.756, 780
35.776, 766
35.797, 724
35.817, 738
35.838, 740
35.856, 735
35.877, 720
35.897, 689
35.918, 687
35.938, 669
35.959, 665
35.977, 669
35.997, 623
36.018, 643
36.037, 636
36.058, 616
36.078, 598
36.097, 609
36.117, 585
36.138, 589
36.158, 589
36.179, 577
36.197, 601
36.218, 589
36.238, 580
36.259, 597
36.279, 613
36.300, 591
36.318, 639
36.338, 629
36.359, 644
36.379, 652
36.400, 642
36.420, 641
36.439, 645
36.459, 650
36.479, 637
36.499, 668
36.520, 659
36.540, 652
36.559, 649
36.579, 644
36.600, 617
36.620, 627
36.641, 610
36.661, 619
36.679, 609
36.700, 601
36.720, 572
36.741, 587
36.761, 575
36.782, 579
36.800, 570
36.821, 565
36.840, 553
36.861, 543
36.881, 555
36.902, 538
36.920, 546
36.941, 556
36.961, 616
36.982, 652
37.002, 710
37.020, 728
37.041, 770
37.061, 755
37.082, 765
37.102, 782
37.123, 760
37.141, 777
37.162, 758
37.182, 760
37.203, 749
37.223, 742
37.243, 743
37.262, 720
37.282, 733
37.302, 712
37.323, 691
37.343, 682
37.363, 655
37.382, 662
37.402, 626
37.423, 642
37.443, 634
37.464, 595
37.482, 616
37.503, 557
37.523, 572
37.544, 569
37.564, 582
37.585, 572
37.603, 569
37.624, 534
37.644, 571
37.665, 525
37.684, 550
37.704, 522
37.723, 531
37.743, 524
37.764, 542
37.784, 511
37.805, 523
37.825, 495
37.844, 506
37.864, 501
37.885, 469
37.905, 473
37.926, 476
37.946, 472
37.965, 481
37.985, 474
38.006, 471
38.026, 476
38.046, 457
38.066, 459
38.085, 469
38.105, 474
38.125, 474
38.146, 476
38.166, 488
38.185, 466
38.205, 465
38.226, 458
38.246, 443
38.267, 457
38.287, 441
38.306, 479
38.326, 514
38.347, 523
38.367, 557
38.387, 578
38.408, 613
38.426, 633
38.447, 634
38.467, 661
38.488, 663
38.507, 660
38.528, 637
38.546, 656
38.567, 656
38.587, 631
38.608, 664
38.628, 658
38.649, 686
38.667, 656
38.688, 669
38.708, 677
38.728, 643
38.749, 662
38.767, 649
38.788, 645
38.808, 643
38.829, 628
38.849, 617
38.870, 604
38.888, 602
38.909, 601
38.929, 604
38.949, 586
38.969, 557
38.990, 576
39.008, 583
39.029, 553
39.049, 582
39.069, 561
39.090, 565
39.110, 547
39.129, 529
39.149, 524
39.170, 530
39.190, 535
39.211, 538
39.231, 543
39.250, 561
39.270, 552
39.291, 573
39.311, 637
39.331, 529
39.351, 633
39.369, 684
39.390, 782
39.410, 938
39.431, 1228
39.451, 1766
39.470, 2482
39.490, 3472
39.511, 4833
39.531, 6591
39.552, 8539
39.570, 11298
39.591, 15991
39.611, 22447
39.632, 32866
39.652, 56554
39.672, 83685
39.692, 85670
39.713, 85049
39.733, 84525
39.751, 84334
39.772, 84658
39.792, 85124
39.813, 85702
39.833, 86573
39.852, 87604
39.872, 87848
39.893, 88162
39.913, 89021
39.932, 89530
39.952, 91148
39.973, 94865
39.993, 95443
40.014, 94925
40.033, 95686
40.054, 95395
40.074, 93299
40.094, 90516
40.113, 89313
40.133, 89628
40.154, 89908
40.174, 89136
40.195, 89521
40.213, 91648
40.234, 92715
40.254, 93243
40.275, 93541
40.293, 94087
40.314, 95097
40.334, 97030
40.355, 98538
40.375, 99819
40.395, 100870
40.415, 101636
40.435, 102138
40.456, 102668
40.474, 103052
40.495, 103453
40.515, 103915
40.536, 104419
40.554, 104793
40.575, 104971
40.596, 104992
40.617, 105034
40.635, 105023
40.656, 104931
40.676, 104825
40.697, 104883
40.715, 105061
40.736, 105118
40.756, 105096
40.776, 105266
40.796, 105375
40.816, 105503
40.837, 105556
40.857, 105599
40.876, 105609
40.896, 105739
40.917, 105864
40.937, 105999
40.957, 106074
40.977, 106209
40.998, 106226
41.018, 106242
41.037, 106236
41.057, 106317
41.078, 106419
41.098, 106539
41.116, 106699
41.137, 106858
41.158, 106908
41.179, 107013
41.197, 107141
41.218, 107232
41.238, 107240
41.259, 107246
41.277, 107204
41.298, 107129
41.318, 106974
41.339, 106870
41.358, 106740
41.379, 106697
41.399, 106628
41.420, 106580
41.438, 106654
41.458, 106736
41.479, 106878
41.499, 107014
41.519, 107004
41.539, 107041
41.560, 107010
41.580, 107009
41.599, 107048
41.619, 107134
41.640, 107257
41.660, 107308
41.679, 107284
41.699, 107303
41.721, 107274
41.741, 107238
41.760, 107222
41.780, 107207
41.800, 107164
41.821, 107214
41.839, 107261
41.860, 107300
41.880, 107286
41.901, 107284
41.920, 107316
41.941, 107357
41.961, 107370
41.982, 107372
42.000, 107357
42.021, 107314
42.041, 107224
42.062, 107145
42.081, 107130
42.102, 107119
42.122, 107090
42.142, 107025
42.161, 106984
42.181, 106949
42.202, 106968
42.222, 107115
42.241, 107184
42.261, 107258
42.283, 107275
42.303, 107288
42.322, 107300
42.342, 107316
42.363, 107315
42.383, 107320
42.402, 107331
42.422, 107377
42.443, 107376
42.463, 107413
42.482, 107465
42.503, 107548
42.523, 107526
42.544, 107538
42.562, 107588
42.583, 107627
42.603, 107721
42.624, 107758
42.643, 107855
42.664, 107895
42.684, 107942
42.705, 107950
42.723, 107933
42.744, 107857
42.764, 107785
42.785, 107707
42.803, 107682
42.823, 107616
42.845, 107561
42.865, 107551
42.884, 107576
42.904, 107625
42.925, 107614
42.945, 107553
42.964, 107590
42.984, 107665
43.005, 107724
43.025, 107730
43.045, 107725
43.065, 107659
43.086, 107596
43.106, 107618
43.125, 107675
43.145, 107714
43.165, 107766
43.186, 107919
43.205, 108028
43.226, 108066
43.246, 108082
43.267, 108105
43.285, 108107
43.306, 108096
43.326, 108120
43.347, 108170
43.365, 108256
43.386, 108325
43.407, 108340
43.428, 108346
43.446, 108346
43.467, 108263
43.487, 108176
43.507, 108111
43.526, 108079
43.546, 108020
43.567, 108022
43.587, 108024
43.607, 108024
43.627, 108008
43.648, 107986
43.668, 107939
43.687, 107944
43.707, 107962
43.728, 108025
43.748, 108074
43.768, 108103
43.788, 108153
43.809, 108233
43.829, 108319
43.847, 108323
43.868, 108395
43.888, 108528
43.909, 108649
43.927, 108729
43.948, 108757
43.969, 108719
43.990, 108690
44.008, 108705
44.029, 108728
44.049, 108710
44.070, 108699
44.088, 108675
44.109, 108710
44.129, 108669
44.150, 108663
44.169, 108657
44.189, 108658
44.210, 108643
44.230, 108570
44.249, 108554
44.269, 108473
44.290, 108410
44.310, 108443
44.330, 108544
44.350, 108517
44.371, 108541
44.391, 108550
44.410, 108511
44.430, 108406
44.451, 108330
44.471, 108284
44.489, 108281
44.510, 108316
44.531, 108338
44.552, 108392
44.570, 108431
44.591, 108441
44.611, 108481
44.632, 108466
44.650, 108499
44.671, 108522
44.691, 108587
44.712, 108596
44.731, 108640
44.752, 108604
44.772, 108641
44.793, 108670
44.811, 108689
44.832, 108773
44.852, 108848
44.872, 108900
44.892, 108930
44.912, 108905
44.933, 108917
44.953, 108853
44.972, 108825
44.992, 108790
45.013, 108729
45.033, 108616
45.052, 108576
45.073, 108451
45.094, 108361
45.114, 108265
45.133, 108187
45.153, 108106
45.174, 108057
45.194, 108031
45.212, 107949
45.233, 107904
45.253, 107850
45.275, 107869
45.293, 107902
45.314, 107917
45.334, 107900
45.355, 107911
45.373, 107957
45.394, 107970
45.414, 107943
45.435, 107950
45.454, 108062
45.475, 108125
45.495, 108169
45.516, 108186
45.534, 108200
45.554, 108238
45.575, 108237
45.595, 108255
45.614, 108314
45.635, 108361
45.656, 108318
45.676, 108337
45.695, 108350
45.715, 108280
45.736, 108245
45.756, 108292
45.775, 108330
45.795, 108379
45.816, 108402
45.837, 108365
45.856, 108290
45.876, 108089
45.896, 107948
45.917, 107844
45.935, 107732
45.956, 107659
45.976, 107586
45.997, 107487
46.016, 107371
46.037, 107338
46.057, 107282
46.078, 107322
46.096, 107320
46.117, 107286
46.137, 107275
46.158, 107228
46.176, 107222
46.198, 107233
46.218, 107296
46.238, 107266
46.257, 107312
46.277, 107296
46.298, 107253
46.318, 107213
46.337, 107178
46.357, 107150
46.379, 107139
46.399, 107095
46.418, 107111
46.438, 107146
46.459, 107178
46.479, 107177
46.498, 107182
46.518, 107151
46.539, 107160
46.559, 107215
46.578, 107316
46.599, 107407
46.619, 107474
46.640, 107499
46.658, 107524
46.679, 107523
46.699, 107569
46.720, 107739
46.738, 107931
46.760, 108192
46.780, 108426
46.801, 108576
46.819, 108684
46.840, 108799
46.860, 108919
46.881, 109028
46.899, 109099
46.919, 109178
46.940, 109226
46.961, 109270
46.982, 109332
47.000, 109372
47.021, 109410
47.041, 109446
47.062, 109476
47.080, 109497
47.101, 109544
47.121, 109540
47.142, 109532
47.161, 109494
47.182, 109509
47.202, 109492
47.223, 109301
47.241, 108997
47.261, 108578
47.282, 108006
47.302, 106978
47.322, 105824
47.342, 105516
47.363, 105205
47.383, 103760
47.402, 101840
47.422, 102159
47.443, 102510
47.463, 101154
47.482, 97865
47.502, 93720
47.523, 87912
47.544, 81026
47.563, 75229
47.583, 70675
47.603, 68457
47.624, 67345
47.642, 65917
47.663, 64432
47.683, 61474
47.704, 56310
47.724, 52379
47.743, 52569
47.763, 57208
47.784, 59224
47.804, 60660
47.823, 62007
47.843, 59862
47.864, 55167
47.884, 49999
47.905, 43741
47.924, 33742
47.944, 27689
47.965, 23959
47.985, 22297
48.004, 21246
48.024, 19550
48.045, 18633
48.065, 18961
48.086, 19662
48.104, 20076
48.125, 20552
48.145, 21279
48.166, 22910
48.184, 26002
48.205, 27883
48.225, 28292
48.246, 28609
48.266, 29020
48.285, 29651
48.306, 32186
48.326, 34455
48.347, 36240
48.365, 37280
48.386, 38423
48.406, 43015
48.427, 46759
48.447, 48891
48.466, 50054
48.486, 50554
48.507, 52447
48.527, 54826
48.546, 55264
48.566, 53160
48.587, 54622
48.607, 53678
48.627, 52230
48.647, 54490
48.667, 58970
48.688, 62855
48.708, 67402
48.727, 75329
48.747, 83495
48.768, 90495
48.788, 95119
48.809, 98552
48.827, 101531
48.848, 104187
48.868, 106258
48.889, 107969
48.907, 109046
48.929, 109705
48.949, 110248
48.969, 110616
48.988, 110861
49.008, 111083
49.029, 111168
49.049, 111274
49.068, 111413
49.088, 111545
49.109, 111647
49.129, 111667
49.149, 111752
49.169, 111828
49.190, 111896
49.210, 111945
49.229, 112061
49.249, 112136
49.270, 112171
49.290, 112150
49.309, 112124
49.330, 112108
49.350, 112111
49.371, 112127
49.389, 112093
49.410, 112097
49.430, 112105
49.451, 112137
49.469, 112178
49.491, 112239
49.511, 112289
49.532, 112333
49.550, 112400
49.571, 112428
49.591, 112462
49.612, 112505
49.630, 112571
49.650, 112623
49.671, 112652
49.691, 112666
49.711, 112709
49.731, 112772
49.752, 112764
49.772, 112759
49.791, 112751
49.811, 112793
49.832, 112803
49.852, 112797
49.872, 112792
49.892, 112818
49.913, 112851
49.933, 112920
49.952, 112917
49.972, 112977
49.992, 113027
50.013, 113051
50.031, 113044
50.053, 113065
50.073, 113078
50.094, 113069
50.112, 113111
50.133, 113113
50.153, 113103
50.174, 113118
50.192, 113151
50.213, 113167
50.233, 113179
50.255, 113176
50.273, 113201
50.294, 113231
50.314, 113246
50.334, 113247
50.353, 113281
50.373, 113297
50.394, 113298
50.414, 113306
50.434, 113330
50.454, 113345
50.475, 113336
50.495, 113350
50.514, 113307
50.534, 113320
50.555, 113289
50.575, 113256
50.595, 113264
50.615, 113249
50.636, 113261
50.656, 113248
50.674, 113242
50.695, 113268
50.715, 113310
50.736, 113320
50.754, 113296
50.775, 113304
50.795, 113327
50.817, 113340
50.835, 113341
50.856, 113355
50.876, 113319
50.897, 113328
50.915, 113333
50.936, 113356
50.956, 113342
50.977, 113330
50.996, 113331
51.016, 113370
51.037, 113392
51.057, 113407
51.076, 113391
51.096, 113398
51.117, 113422
51.137, 113409
51.157, 113405
51.177, 113448
51.198, 113468
51.218, 113450
51.237, 113446
51.257, 113460
51.278, 113478
51.298, 113455
51.317, 113433
51.337, 113399
51.358, 113401
51.379, 113395
51.397, 113407
51.418, 113424
51.438, 113412
51.459, 113432
51.477, 113425
51.498, 113444
51.518, 113457
51.539, 113469
51.558, 113461
51.579, 113465
51.599, 113441
51.620, 113447
51.638, 113450
51.659, 113468
51.679, 113483
51.699, 113475
51.719, 113494
51.739, 113526
51.760, 113530
51.780, 113516
51.799, 113527
51.819, 113543
51.840, 113548
51.860, 113537
51.879, 113565
51.899, 113572
51.921, 113581
51.941, 113574
51.960, 113582
51.980, 113607
52.001, 113602
52.021, 113632
52.039, 113614
52.060, 113590
52.080, 113574
52.101, 113567
52.120, 113592
52.141, 113618
52.161, 113603
52.182, 113650
52.200, 113661
52.221, 113698
52.241, 113718
52.262, 113741
52.281, 113764
52.302, 113787
52.322, 113779
52.343, 113816
52.361, 113820
52.381, 113824
52.402, 113806
52.422, 113838
52.441, 113823
52.462, 113835
52.483, 113868
52.503, 113863
52.522, 113894
52.542, 113912
52.563, 113915
52.583, 113954
52.602, 113922
52.622, 113955
52.643, 113990
52.663, 113960
52.683, 114003
52.703, 113989
52.723, 114006
52.744, 113995
52.762, 114041
52.783, 114029
52.803, 114018
52.824, 114019
52.843, 114000
52.864, 114012
52.884, 114008
52.905, 113974
52.923, 114008
52.944, 113999
52.964, 113981
52.985, 113985
53.003, 114027
53.024, 114009
53.045, 114028
53.065, 114032
53.084, 114079
53.104, 114054
53.125, 114058
53.145, 114032
53.164, 114070
53.184, 114062
53.205, 114065
53.225, 114052
53.245, 114077
53.265, 114078
53.286, 114046
53.306, 114083
53.325, 114079
53.345, 114076
53.366, 114094
53.386, 114066
53.405, 114105
53.426, 114089
53.446, 114107
53.467, 114093
53.485, 114136
53.506, 114133
53.526, 114116
53.547, 114117
53.565, 114145
53.586, 114147
53.607, 114115
53.628, 114102
53.646, 114070
53.667, 114060
53.687, 114068
53.708, 114087
53.726, 114084
53.746, 114105
53.767, 114120
53.787, 114103
53.807, 114161
53.827, 114165
53.848, 114147
53.868, 114156
53.887, 114150
53.907, 114160
53.928, 114160
53.948, 114172
53.968, 114191
53.988, 114193
54.009, 114173
54.029, 114200
54.048, 114230
54.068, 114236
54.088, 114238
54.109, 114233
54.127, 114263
54.148, 114280
54.169, 114265
54.190, 114270
54.208, 114303
54.229, 114281
54.249, 114280
54.270, 114308
54.288, 114300
54.309, 114318
54.329, 114330
54.350, 114317
54.369, 114363
54.390, 114311
54.410, 114306
54.430, 114282
54.449, 114313
54.469, 114302
54.490, 114288
54.510, 114304
54.530, 114315
54.550, 114334
54.571, 114346
54.591, 114350
54.610, 114406
54.630, 114405
54.651, 114425
54.671, 114403
54.690, 114425
54.710, 114449
54.732, 114436
54.752, 114448
54.770, 114467
54.791, 114496
54.811, 114443
54.832, 114461
54.850, 114489
54.871, 114509
54.891, 114451
54.912, 114484
54.931, 114478
54.952, 114506
54.972, 114469
54.993, 114461
55.011, 114484
55.032, 114509
55.052, 114465
55.073, 114470
55.092, 114470
55.112, 114496
55.133, 114479
55.153, 114469
55.172, 114429
55.192, 114390
55.213, 114383
55.233, 114391
55.252, 114387
55.273, 114387
55.294, 114369
55.314, 114381
55.333, 114400
55.353, 114412
55.374, 114363
55.394, 114369
55.413, 114375
55.433, 114443
55.453, 114399
55.474, 114398
55.493, 114387
55.514, 114415
55.534, 114389
55.555, 114386
55.573, 114394
55.594, 114419
55.614, 114395
55.635, 114424
55.654, 114447
55.675, 114444
55.695, 114428
55.716, 114410
55.734, 114438
55.755, 114433
55.775, 114394
55.795, 114401
55.814, 114427
55.834, 114465
55.856, 114430
55.876, 114424
55.895, 114438
55.915, 114462
55.936, 114447
55.956, 114416
55.975, 114379
55.995, 114369
56.016, 114353
56.036, 114376
56.056, 114406
56.076, 114451
56.097, 114452
56.117, 114439
56.135, 114450
56.156, 114494
56.176, 114475
56.197, 114483
56.216, 114502
56.237, 114478
56.257, 114492
56.278, 114498
56.296, 114507
56.317, 114499
56.337, 114522
56.358, 114539
56.376, 114535
56.398, 114544
56.418, 114578
56.439, 114562
56.457, 114558
56.477, 114558
56.498, 114598
56.518, 114565
56.537, 114581
56.557, 114582
56.578, 114580
56.598, 114579
56.618, 114620
56.638, 114598
56.659, 114603
56.679, 114601
56.698, 114613
56.718, 114637
56.739, 114617
56.759, 114581
56.779, 114560
56.799, 114563
56.819, 114542
56.840, 114526
56.858, 114541
56.879, 114592
56.899, 114557
56.920, 114586
56.938, 114590
56.959, 114613
56.980, 114591
57.001, 114589
57.019, 114591
57.040, 114594
57.060, 114583
57.081, 114590
57.099, 114614
57.120, 114644
57.140, 114615
57.160, 114275
57.180, 114146
57.200, 114112
57.221, 114094
57.241, 114105
57.260, 114141
57.280, 114168
57.301, 114116
57.321, 114126
57.341, 114145
57.361, 114164
57.382, 114150
57.402, 114147
57.421, 114138
57.441, 114139
57.462, 114161
57.482, 114140
57.500, 114139
57.521, 114117
57.542, 114087
57.563, 114080
57.581, 114081
57.602, 114074
57.622, 114081
57.643, 114090
57.661, 114100
57.682, 114108
57.702, 114108
57.723, 114111
57.742, 114132
57.763, 114159
57.783, 114130
57.804, 114150
57.822, 114137
57.842, 114169
57.863, 114155
57.883, 114153
57.903, 114185
57.923, 114185
57.944, 114161
57.964, 114178
57.983, 114181
58.003, 114198
58.024, 114197
58.044, 114179
58.063, 114208
58.083, 114199
58.105, 114214
58.125, 114203
58.144, 114228
58.164, 114239
58.184, 114258
58.205, 114251
58.223, 114270
58.244, 114279
58.264, 114257
58.285, 114259
58.304, 114263
58.325, 114225
58.345, 114191
58.366, 114181
58.384, 114180
58.405, 114196
58.425, 114176
58.446, 114175
58.465, 114187
58.486, 114226
58.506, 114234
58.526, 114250
58.545, 114306
58.565, 114316
58.586, 114308
58.606, 114305
58.625, 114345
58.645, 114343
58.667, 114319
58.687, 114341
58.706, 114363
58.726, 114394
58.747, 114372
58.767, 114371
58.786, 114401
58.806, 114390
58.827, 114403
58.847, 114398
58.866, 114403
58.887, 114397
58.907, 114425
58.928, 114407
58.946, 114429
58.967, 114413
58.987, 114379
59.008, 114388
59.027, 114402
59.048, 114431
59.068, 114435
59.089, 114406
59.107, 114401
59.128, 114399
59.148, 114367
59.169, 114350
59.187, 114340
59.207, 114377
59.229, 114355
59.249, 114361
59.268, 114357
59.288, 114359
59.309, 114349
59.329, 114352
59.348, 114371
59.368, 114366
59.389, 114370
59.410, 114359
59.429, 114369
59.449, 114382
59.470, 114394
59.490, 114397
59.509, 114420
59.529, 114411
59.549, 114396
59.570, 114407
59.589, 114432
59.610, 114432
59.630, 114430
59.651, 114432
59.669, 114466
59.690, 114456
59.710, 114472
59.731, 114507
59.749, 114508
59.771, 114481
59.791, 114527
59.812, 114497
59.830, 114529
59.851, 114500
59.871, 114523
59.891, 114500
59.910, 114492
59.930, 114502
59.951, 114479
59.972, 114477
59.991, 114467
60.011, 114452
60.032, 114439
60.052, 114461
60.071, 114468
60.091, 114466
60.112, 114451
60.132, 114438
60.152, 114399
60.172, 114294
60.193, 114081
60.213, 113739
60.231, 113433
60.252, 113427
60.272, 113438
60.293, 113274
60.311, 112411
60.333, 109372
60.353, 105293
60.374, 79094
60.392, 39729
60.413, 24545
60.433, 19004
60.454, 17019
60.472, 13555
60.493, 8038
60.513, 3574
60.534, 1571
60.554, 882
60.572, 697
60.593, 660
60.613, 633
60.634, 641
60.654, 644
60.675, 653
60.693, 624
60.714, 636
60.734, 631
60.755, 618
60.775, 603
60.794, 613
60.814, 610
60.834, 596
60.854, 588
60.875, 587
60.895, 584
60.913, 590
60.934, 577
60.954, 569
60.975, 563
60.995, 560
61.016, 551
61.034, 547
61.055, 545
61.075, 540
61.096, 534
61.116, 543
61.137, 547
61.155, 537
61.176, 573
61.196, 583
61.216, 598
61.236, 602
61.256, 597
61.275, 614
61.295, 628
61.316, 631
61.336, 607
61.357, 601
61.375, 603
61.396, 597
61.416, 606
61.437, 590
61.457, 575
61.478, 572
61.496, 569
61.517, 570
61.537, 574
61.558, 568
61.578, 576
61.598, 572
61.617, 575
61.637, 581
61.657, 585
61.677, 561
61.698, 565
61.718, 576
61.737, 572
61.757, 567
61.778, 562
61.798, 551
61.819, 542
61.837, 562
61.858, 570
61.878, 616
61.899, 644
61.919, 683
61.939, 709
61.958, 735
61.978, 723
61.999, 731
62.019, 736
62.040, 715
62.059, 710
62.078, 697
62.098, 707
62.119, 702
62.139, 685
62.160, 689
62.180, 689
62.199, 686
62.219, 691
62.240, 678
62.260, 663
62.280, 643
62.301, 645
62.319, 629
62.340, 627
62.360, 620
62.381, 611
62.401, 615
62.420, 595
62.440, 584
62.461, 602
62.480, 586
62.501, 591
62.521, 580
62.540, 577
62.560, 560
62.581, 573
62.601, 566
62.621, 551
62.642, 555
62.660, 551
62.681, 551
62.701, 548
62.722, 528
62.742, 544
62.763, 553
62.781, 563
62.802, 544
62.822, 542
62.843, 578
62.863, 571
62.882, 573
62.902, 580
62.921, 566
62.942, 584
62.962, 577
62.983, 555
63.001, 578
63.022, 564
63.042, 565
63.063, 565
63.083, 561
63.104, 561
63.122, 556
63.143, 557
63.163, 544
63.184, 558
63.204, 543
63.225, 544
63.243, 545
63.264, 533
63.284, 529
63.304, 515
63.324, 518
63.344, 527
63.363, 517
63.383, 517
63.404, 502
63.424, 490
63.445, 510
63.463, 543
63.484, 555
63.504, 588
63.525, 608
63.545, 658
63.566, 672
63.584, 696
63.605, 696
63.625, 719
63.645, 701
63.666, 718
63.686, 699
63.705, 712
63.725, 716
63.745, 712
63.765, 705
63.786, 697
63.806, 678
63.825, 674
63.845, 665
63.866, 668
63.886, 668
63.907, 638
63.927, 630
63.945, 641
63.966, 633
63.986, 614
64.007, 606
64.027, 605
64.046, 605
64.066, 601
64.087, 591
64.107, 594
64.127, 581
64.147, 557
64.166, 567
64.186, 562
64.207, 584
64.227, 560
64.248, 552
64.268, 536
64.286, 548
64.307, 540
64.327, 548
64.348, 542
64.368, 546
64.389, 530
64.407, 547
64.428, 543
64.448, 569
64.469, 578
64.489, 563
64.510, 571
64.528, 582
64.549, 577
64.568, 585
64.589, 570
64.609, 569
64.627, 571
64.648, 564
64.668, 571
64.689, 581
64.709, 565
64.730, 570
64.748, 554
64.769, 566
64.789, 556
64.810, 551
64.830, 550
64.851, 542
64.869, 549
64.890, 531
64.910, 546
64.931, 539
64.951, 526
64.971, 513
64.989, 537
65.009, 523
65.030, 517
65.050, 506
65.071, 506
65.091, 486
65.110, 509
65.130, 541
65.151, 587
65.171, 626
65.192, 640
65.210, 657
65.231, 676
65.251, 701
65.272, 709
65.292, 731
65.313, 714
65.331, 726
65.351, 720
65.372, 717
65.391, 717
65.412, 719
65.432, 683
65.451, 693
65.471, 687
65.492, 683
65.512, 658
65.533, 662
65.553, 658
65.572, 680
65.592, 662
65.613, 653
65.633, 656
65.654, 625
65.672, 629
65.692, 623
65.713, 626
65.733, 602
65.754, 582
65.774, 600
65.793, 608
65.813, 600
65.833, 581
65.853, 559
65.874, 582
65.894, 553
65.913, 558
65.933, 547
65.954, 555
65.974, 539
65.995, 547
66.015, 534
66.033, 538
66.054, 544
66.074, 554
66.095, 549
66.115, 545
66.134, 571
66.154, 570
66.175, 581
66.195, 561
66.216, 590
66.235, 564
66.255, 576
66.274, 574
66.295, 587
66.315, 560
66.336, 567
66.356, 573
66.374, 569
66.395, 562
66.415, 557
66.436, 573
66.456, 558
66.477, 573
66.495, 564
66.516, 560
66.536, 536
66.557, 543
66.577, 539
66.596, 543
66.616, 534
66.637, 533
66.657, 526
66.677, 530
66.697, 538
66.715, 509
66.736, 513
66.756, 522
66.777, 513
66.797, 500
66.818, 492
66.836, 527
66.857, 555
66.877, 591
66.898, 630
66.918, 650
66.939, 672
66.957, 698
66.978, 708
66.998, 705
67.019, 724
67.039, 718
67.057, 715
67.078, 706
67.098, 713
67.118, 698
67.138, 690
67.159, 678
67.177, 680
67.198, 689
67.218, 678
67.239, 671
67.259, 667
67.280, 656
67.298, 666
67.319, 631
67.339, 629
67.360, 621
67.380, 632
67.400, 615
67.419, 621
67.439, 591
67.460, 598
67.480, 595
67.500, 580
67.520, 585
67.539, 591
67.559, 577
67.580, 571
67.600, 566
67.621, 540
67.639, 563
67.660, 559
67.680, 549
67.701, 540
67.721, 530
67.741, 528
67.760, 543
67.780, 548
67.801, 562
67.821, 552
67.842, 560
67.862, 550
67.881, 553
67.901, 565
67.922, 575
67.941, 563
67.962, 564
67.982, 563
68.001, 583
68.021, 582
68.041, 582
68.062, 577
68.082, 571
68.103, 575
68.121, 573
68.142, 562
68.162, 565
68.183, 560
68.203, 544
68.222, 561
68.242, 553
68.263, 553
68.283, 545
68.304, 537
68.324, 535
68.343, 531
68.363, 525
68.382, 528
68.403, 520
68.423, 523
68.444, 510
68.462, 509
68.483, 501
68.503, 508
68.524, 514
68.544, 531
68.565, 570
68.583, 606
68.604, 634
68.624, 663
68.645, 684
68.665, 700
68.684, 710
68.704, 717
68.725, 718
68.745, 728
68.765, 710
68.785, 721
68.804, 704
68.824, 704
68.844, 711
68.865, 695
68.885, 689
68.906, 694
68.924, 690
68.945, 667
68.965, 671
68.986, 666
69.006, 671
69.027, 651
69.045, 655
69.065, 646
69.086, 640
69.106, 643
69.127, 618
69.145, 598
69.166, 623
69.186, 593
69.207, 578
69.226, 584
69.247, 588
69.265, 572
69.286, 575
69.306, 577
69.327, 568
69.347, 574
69.368, 548
69.386, 568
69.406, 553
69.427, 540
69.447, 533
69.468, 1203
69.488, 5098
69.507, 6805
69.527, 3644
69.548, 2232
69.568, 1763
69.589, 1675
69.607, 1734
69.628, 1960
69.648, 2449
69.669, 3060
69.687, 3682
69.708, 4478
69.728, 5276
69.749, 6477
69.769, 8120
69.787, 11029
69.808, 14813
69.828, 17591
69.849, 20394
69.869, 23528
69.888, 25618
69.908, 29479
69.929, 36585
69.950, 46965
69.969, 61153
69.989, 78327
70.010, 86302
70.030, 88152
70.051, 88955
70.069, 89062
70.089, 89012
70.110, 89501
70.130, 90436
70.149, 91184
70.169, 91735
70.190, 92439
70.210, 93169
70.231, 94192
70.249, 95434
70.270, 96669
70.290, 97200
70.312, 97404
70.330, 97620
70.351, 97777
70.371, 97672
70.392, 97527
70.410, 97180
70.430, 96862
70.451, 96732
70.471, 96503
70.492, 96145
70.510, 95883
70.531, 95643
70.551, 95305
70.572, 94985
70.590, 94728
70.611, 94690
70.632, 94624
70.653, 94491
70.673, 94345
70.692, 94214
70.712, 94087
70.733, 93854
70.753, 93908
70.771, 94051
70.792, 94054
70.812, 93873
70.833, 93732
70.851, 93824
70.872, 94004
70.892, 93967
70.913, 93776
70.933, 93525
70.953, 93446
70.973, 93347
70.994, 93408
71.014, 93523
71.033, 93392
71.053, 93232
71.074, 93364
71.094, 93550
71.115, 93576
71.133, 93388
71.153, 92903
71.174, 92519
71.194, 91674
71.213, 89757
71.233, 82844
71.254, 63009
71.274, 32002
71.295, 11261
71.314, 3299
71.335, 1517
71.355, 964
71.375, 714
71.395, 588
71.414, 518
71.434, 538
71.454, 600
71.475, 598
71.495, 585
71.514, 591
71.534, 586
71.555, 583
71.575, 568
71.596, 569
71.616, 565
71.635, 558
71.655, 565
71.676, 574
71.696, 572
71.717, 560
71.737, 550
71.756, 546
71.776, 544
71.797, 540
71.817, 544
71.836, 530
71.856, 541
71.875, 529
71.896, 524
71.916, 526
71.937, 503
71.957, 506
71.976, 496
71.996, 499
72.017, 541
72.037, 565
72.058, 610
72.078, 646
72.097, 668
72.117, 700
72.137, 698
72.158, 701
72.178, 708
72.199, 723
72.217, 733
72.238, 720
72.258, 722
72.278, 705
72.298, 693
72.317, 711
72.337, 704
72.358, 680
72.378, 685
72.399, 663
72.419, 659
72.438, 668
72.458, 655
72.478, 670
72.499, 634
72.519, 626
72.540, 630
72.558, 638
72.579, 634
72.599, 605
72.620, 604
72.640, 584
72.661, 576
72.679, 588
72.700, 589
72.719, 575
72.740, 576
72.760, 553
72.781, 562
72.799, 551
72.819, 565
72.840, 554
72.860, 539
72.881, 543
72.899, 542
72.920, 528
72.940, 545
72.961, 527
72.981, 549
73.002, 554
73.020, 564
73.041, 555
73.061, 572
73.082, 566
73.102, 567
73.122, 573
73.141, 573
73.160, 581
73.181, 576
73.201, 571
73.222, 564
73.242, 575
73.261, 567
73.281, 581
73.302, 563
73.322, 554
73.343, 549
73.361, 545
73.382, 560
73.402, 546
73.423, 534
73.443, 545
73.464, 542
73.482, 542
73.502, 539
73.523, 543
73.543, 532
73.563, 523
73.583, 530
73.602, 516
73.622, 517
73.643, 509
73.663, 489
73.684, 489
73.704, 499
73.723, 518
73.743, 564
73.764, 591
73.784, 625
73.805, 654
73.823, 666
73.843, 692
73.864, 707
73.884, 704
73.905, 718
73.925, 711
73.944, 710
73.964, 704
73.985, 716
74.004, 689
74.025, 713
74.045, 688
74.064, 699
74.084, 679
74.105, 675
74.125, 657
74.146, 673
74.166, 645
74.184, 652
74.205, 646
74.225, 651
74.246, 617
74.266, 638
74.287, 620
74.305, 613
74.326, 584
74.346, 612
74.367, 598
74.386, 586
74.406, 593
74.425, 548
74.446, 577
74.466, 566
74.487, 562
74.507, 545
74.525, 544
74.546, 545
74.566, 556
74.587, 532
74.607, 529
74.628, 523
74.646, 529
74.667, 546
74.687, 542
74.708, 545
74.728, 561
74.749, 546
74.767, 545
74.788, 563
74.808, 564
74.828, 568
74.848, 574
74.869, 572
74.887, 568
74.907, 575
74.928, 566
74.948, 572
74.969, 577
74.987, 562
75.008, 560
75.028, 572
75.049, 561
75.069, 557
75.090, 541
75.108, 566
75.129, 540
75.149, 549
75.170, 534
75.190, 557
75.211, 537
75.229, 533
75.249, 539
75.269, 526
75.289, 525
75.310, 516
75.330, 519
75.349, 511
75.369, 521
75.390, 506
75.410, 508
75.431, 497
75.449, 534
75.470, 564
75.490, 604
75.511, 614
75.531, 651
75.552, 646
75.570, 685
75.590, 702
75.611, 726
75.631, 727
75.652, 725
75.671, 709
75.691, 743
75.710, 703
75.731, 717
75.751, 703
75.772, 670
75.792, 673
75.811, 682
75.831, 681
75.852, 679
75.872, 659
75.893, 628
75.911, 647
75.931, 669
75.952, 645
75.972, 629
75.993, 628
76.013, 638
76.032, 611
76.052, 615
76.073, 603
76.093, 599
76.113, 594
76.133, 562
76.152, 575
76.172, 578
76.193, 581
76.213, 547
76.233, 563
76.254, 572
76.272, 552
76.293, 549
76.313, 536
76.334, 515
76.354, 523
76.373, 534
76.393, 543
76.414, 545
76.434, 537
76.455, 549
76.475, 552
76.494, 571
76.514, 560
76.535, 565
76.554, 559
76.574, 574
76.595, 583
76.613, 570
76.634, 586
76.654, 571
76.675, 566
76.695, 561
76.716, 574
76.734, 565
76.755, 568
76.775, 557
76.796, 559
76.816, 567
76.837, 548
76.855, 543
76.876, 554
76.896, 542
76.917, 543
76.937, 546
76.955, 548
76.976, 519
76.995, 538
77.016, 519
77.036, 521
77.057, 523
77.075, 514
77.096, 511
77.116, 504
77.137, 499
77.157, 497
77.178, 523
77.196, 537
77.217, 594
77.237, 615
77.257, 655
77.278, 655
77.298, 676
77.317, 711
77.337, 707
77.358, 717
77.378, 700
77.398, 725
77.418, 707
77.437, 707
77.457, 711
77.478, 693
77.498, 697
77.519, 672
77.537, 699
77.558, 663
77.578, 690
77.598, 665
77.619, 665
77.639, 642
77.658, 624
77.678, 636
77.699, 641
77.719, 612
77.740, 629
77.760, 612
77.779, 601
77.799, 609
77.820, 569
77.839, 577
77.860, 580
77.880, 588
77.899, 573
77.919, 562
77.939, 546
77.960, 562
77.980, 541
77.999, 550
78.019, 555
78.040, 556
78.060, 522
78.081, 533
78.101, 526
78.120, 548
78.140, 530
78.161, 554
78.181, 539
78.202, 564
78.222, 550
78.241, 576
78.261, 572
78.280, 571
78.301, 575
78.321, 565
78.342, 588
78.360, 569
78.381, 574
78.401, 567
78.422, 576
78.442, 553
78.461, 569
78.481, 568
78.502, 569
78.522, 553
78.543, 565
78.563, 528
78.582, 556
78.602, 550
78.622, 561
78.643, 535
78.663, 539
78.683, 531
78.702, 542
78.722, 529
78.742, 525
78.763, 527
78.783, 506
78.804, 515
78.822, 508
78.843, 508
78.863, 518
78.884, 528
78.904, 584
78.923, 617
78.943, 651
78.963, 682
78.984, 657
79.004, 703
79.025, 709
79.043, 723
79.064, 711
79.084, 733
79.104, 718
79.124, 694
79.145, 697
79.163, 714
79.184, 674
79.204, 707
79.225, 709
79.245, 681
79.266, 692
79.284, 677
79.304, 664
79.325, 674
79.345, 641
79.366, 663
79.386, 629
79.405, 627
79.425, 626
79.446, 603
79.466, 594
79.487, 602
79.506, 593
79.526, 593
79.545, 603
79.566, 582
79.586, 598
79.607, 574
79.625, 589
79.645, 532
79.666, 567
79.686, 540
79.707, 553
79.727, 534
79.746, 547
79.766, 534
79.787, 549
79.807, 529
79.828, 537
79.848, 554
79.867, 561
79.887, 551
79.908, 555
79.928, 564
79.948, 567
79.968, 573
79.986, 581
80.007, 584
80.027, 574
80.048, 581
80.068, 572
80.087, 591
80.107, 571
80.128, 569
80.148, 573
80.169, 567
80.189, 556
80.208, 562
80.228, 546
80.249, 544
80.269, 533
80.290, 540
80.310, 543
80.328, 548
80.349, 537
80.369, 533
80.389, 531
80.409, 533
80.430, 531
80.448, 526
80.469, 511
80.489, 501
80.510, 508
80.530, 502
80.549, 512
80.569, 527
80.590, 568
80.610, 589
80.631, 633
80.651, 631
80.669, 699
80.690, 686
80.710, 704
80.731, 701
80.751, 721
80.772, 695
80.790, 719
80.811, 705
80.830, 705
80.851, 719
80.871, 694
80.892, 688
80.910, 695
80.931, 693
80.951, 688
80.972, 667
80.992, 674
81.013, 675
81.031, 648
81.051, 640
81.072, 608
81.092, 622
81.113, 614
81.131, 619
81.152, 592
81.172, 622
81.193, 604
81.213, 566
81.233, 567
81.252, 582
81.272, 591
81.292, 592
81.313, 585
81.333, 552
81.353, 553
81.372, 565
81.392, 545
81.413, 540
81.433, 544
81.454, 520
81.474, 545
81.493, 529
81.513, 552
81.534, 562
81.554, 544
81.575, 556
81.593, 566
81.614, 573
81.634, 594
81.655, 583
81.674, 561
81.694, 568
81.713, 561
81.733, 580
81.754, 582
81.774, 566
81.795, 576
81.815, 567
81.834, 562
81.854, 572
81.875, 576
81.895, 548
81.916, 551
81.936, 554
81.955, 546
81.975, 551
81.996, 562
82.016, 537
82.037, 530
82.055, 539
82.075, 533
82.096, 518
82.115, 513
82.136, 517
82.156, 520
82.175, 496
82.195, 504
82.216, 511
82.236, 517
82.257, 557
82.277, 559
82.296, 623
82.316, 641
82.337, 674
82.357, 693
82.377, 698
82.398, 707
82.416, 730
82.437, 735
82.457, 730
82.478, 697
82.498, 699
82.518, 704
82.537, 703
82.557, 688
82.577, 707
82.598, 673
82.618, 684
82.637, 691
82.657, 656
82.678, 674
82.698, 651
82.718, 651
82.739, 639
82.757, 627
82.778, 629
82.798, 629
82.819, 613
82.839, 607
82.860, 574
82.878, 583
82.899, 595
82.919, 566
82.940, 587
82.959, 594
82.980, 571
82.998, 580
83.019, 575
83.039, 564
83.059, 560
83.080, 530
83.098, 539
83.119, 541
83.139, 540
83.160, 532
83.180, 549
83.201, 556
83.219, 574
83.240, 561
83.260, 570
83.281, 556
83.301, 572
83.322, 577
83.340, 579
83.361, 581
83.381, 576
83.400, 564
83.421, 580
83.441, 582
83.460, 583
83.480, 578
83.501, 557
83.521, 560
83.542, 559
83.560, 572
83.581, 566
83.601, 546
83.622, 554
83.642, 544
83.663, 535
83.681, 546
83.702, 539
83.722, 542
83.742, 531
83.763, 524
83.783, 515
83.802, 516
83.822, 500
83.842, 514
83.862, 509
83.883, 492
83.903, 504
83.922, 524
83.942, 563
83.963, 591
83.983, 635
84.004, 648
84.024, 671
84.043, 710
84.063, 716
84.083, 713
84.104, 714
84.124, 710
84.143, 702
84.163, 697
84.184, 694
84.204, 686
84.225, 690
84.244, 686
84.264, 692
84.283, 681
84.304, 680
84.324, 663
84.345, 656
84.365, 657
84.384, 660
84.404, 639
84.424, 641
84.445, 631
84.465, 598
84.486, 614
84.504, 627
84.525, 597
84.545, 580
84.566, 572
84.586, 582
84.607, 574
84.625, 579
84.646, 577
84.666, 564
84.686, 560
84.706, 551
84.725, 551
84.745, 550
84.765, 537
84.786, 543
84.806, 526
84.827, 529
84.845, 544
84.866, 547
84.886, 558
84.907, 559
84.927, 561
84.948, 553
84.966, 568
84.987, 567
85.007, 580
85.028, 575
85.048, 572
85.069, 575
85.087, 576
85.107, 582
85.127, 579
85.147, 576
85.168, 565
85.186, 565
85.207, 569
85.227, 575
85.248, 563
85.268, 561
85.289, 547
85.307, 548
85.328, 553
85.348, 554
85.369, 543
85.389, 530
85.410, 512
85.428, 519
85.448, 533
85.469, 530
85.489, 517
85.510, 514
85.529, 508
85.549, 502
85.568, 495
85.589, 508
85.609, 540
85.630, 581
85.648, 617
85.669, 667
85.689, 684
85.710, 691
85.730, 703
85.751, 713
85.769, 735
85.789, 716
85.810, 738
85.830, 711
85.851, 722
85.871, 710
85.890, 710
85.910, 708
85.931, 690
85.951, 691
85.971, 704
85.991, 677
86.010, 688
86.030, 678
86.051, 667
86.071, 656
86.092, 656
86.112, 635
86.130, 637
86.151, 628
86.171, 603
86.192, 616
86.212, 618
86.231, 628
86.251, 633
86.272, 930
86.292, 3706
86.313, 7556
86.333, 9917
86.352, 12454
86.372, 14167
86.393, 14062
86.413, 12972
86.432, 11966
86.452, 11340
86.472, 10935
86.493, 10803
86.513, 11492
86.532, 13098
86.552, 15037
86.573, 17398
86.593, 20867
86.613, 24396
86.633, 28855
86.654, 36788
86.674, 50402
86.695, 65478
86.713, 75331
86.734, 83647
86.754, 90808
86.775, 94615
86.793, 96211
86.813, 97248
86.834, 98054
86.854, 98079
86.873, 98638
86.893, 99507
86.914, 100892
86.935, 102318
86.956, 103228
86.974, 103733
86.995, 103794
87.015, 103631
87.036, 103468
87.054, 103385
87.075, 103311
87.095, 103207
87.116, 102931
87.135, 102619
87.155, 102302
87.176, 102043
87.196, 101809
87.215, 101528
87.235, 101279
87.256, 101090
87.276, 100859
87.296, 100584
87.316, 100286
87.337, 99997
87.357, 99635
87.376, 99312
87.396, 98937
87.417, 98580
87.437, 98231
87.456, 97870
87.476, 97575
87.496, 97218
87.517, 96901
87.535, 96706
87.556, 96516
87.576, 96248
87.598, 96069
87.618, 95907
87.637, 95770
87.657, 95605
87.678, 95616
87.698, 95674
87.717, 95530
87.737, 95474
87.758, 95575
87.778, 95623
87.799, 95433
87.817, 95092
87.837, 94697
87.858, 94391
87.878, 94156
87.898, 93368
87.918, 91077
87.939, 85620
87.959, 79165
87.980, 63967
87.998, 45786
88.019, 28840
88.039, 12415
88.060, 3129
88.078, 1023
88.099, 642
88.119, 572
88.140, 560
88.160, 560
88.181, 551
88.199, 568
88.219, 566
88.240, 580
88.259, 582
88.280, 572
88.300, 585
88.319, 590
88.339, 590
88.360, 599
88.380, 593
88.401, 588
88.421, 577
88.440, 577
88.460, 590
88.481, 593
88.501, 580
88.521, 572
88.540, 558
88.560, 565
88.581, 562
88.601, 557
88.622, 558
88.642, 547
88.661, 552
88.680, 545
88.701, 551
88.721, 534
88.742, 532
88.762, 529
88.781, 530
88.801, 522
88.822, 530
88.842, 510
88.862, 513
88.883, 516
88.901, 515
88.922, 519
88.942, 541
88.963, 578
88.983, 594
89.004, 622
89.022, 673
89.043, 685
89.063, 700
89.083, 726
89.103, 713
89.124, 725
89.142, 751
89.163, 726
89.183, 719
89.203, 710
89.224, 710
89.242, 701
89.263, 706
89.283, 693
89.304, 683
89.324, 675
89.345, 668
89.363, 672
89.384, 658
89.404, 660
89.425, 635
89.445, 641
89.466, 621
89.484, 631
89.505, 631
89.524, 618
89.544, 600
89.565, 589
89.585, 586
89.604, 571
89.624, 577
89.645, 582
89.665, 581
89.686, 551
89.704, 583
89.725, 560
89.745, 561
89.766, 546
89.786, 550
89.807, 541
89.825, 539
89.846, 540
89.866, 546
89.886, 551
89.907, 553
89.926, 568
89.946, 571
89.965, 571
89.986, 575
90.006, 567
90.027, 578
90.047, 581
90.066, 589
90.086, 569
90.107, 578
90.127, 585
90.148, 585
90.168, 570
90.187, 572
90.207, 559
90.227, 559
90.248, 554
90.268, 564
90.287, 573
90.307, 564
90.328, 556
90.348, 544
90.368, 545
90.388, 548
90.407, 544
90.427, 537
90.448, 537
90.468, 524
90.489, 512
90.509, 512
90.528, 522
90.548, 515
90.568, 498
90.589, 499
90.609, 527
90.630, 546
90.648, 592
90.669, 615
90.689, 643
90.710, 662
90.730, 693
90.751, 697
90.769, 725
90.790, 708
90.809, 716
90.830, 722
90.850, 703
90.869, 728
90.889, 716
90.909, 711
90.930, 691
90.950, 682
90.971, 668
90.989, 671
91.010, 678
91.030, 672
91.051, 663
91.071, 653
91.092, 628
91.110, 636
91.131, 625
91.151, 622
91.172, 604
91.192, 616
91.212, 594
91.231, 599
91.250, 583
91.271, 577
91.291, 583
91.312, 561
91.332, 556
91.351, 554
91.371, 572
91.392, 562
91.412, 537
91.433, 539
91.451, 548
91.472, 539
91.492, 551
91.513, 549
91.533, 553
91.554, 543
91.572, 553
91.592, 562
91.613, 584
91.633, 567
91.653, 576
91.673, 544
91.692, 554
91.712, 567
91.733, 576
91.753, 579
91.774, 583
91.794, 572
91.813, 578
91.833, 574
91.854, 568
91.874, 571
91.895, 556
91.913, 567
91.933, 549
91.954, 566
91.974, 563
91.995, 546
92.015, 542
92.034, 539
92.054, 541
92.075, 548
92.094, 548
92.115, 544
92.135, 526
92.154, 535
92.174, 534
92.195, 535
92.215, 515
92.236, 492
92.256, 494
92.274, 494
92.295, 532
92.315, 570
92.336, 602
92.356, 643
92.377, 657
92.395, 698
92.416, 705
92.436, 703
92.457, 711
92.477, 717
92.497, 716
92.516, 736
92.536, 730
92.556, 719
92.577, 708
92.597, 688
92.615, 710
92.636, 707
92.656, 691
92.677, 685
92.697, 693
92.718, 664
92.736, 668
92.757, 666
92.777, 673
92.798, 621
92.818, 644
92.839, 635
92.857, 645
92.878, 610
92.898, 603
92.919, 602
92.938, 595
92.958, 598
92.977, 606
92.997, 597
93.018, 579
93.038, 578
93.059, 568
93.077, 581
93.098, 568
93.118, 552
93.139, 561
93.159, 556
93.180, 524
93.198, 546
93.219, 538
93.239, 531
93.260, 533
93.280, 546
93.301, 540
93.319, 556
93.339, 564
93.360, 558
93.379, 558
93.400, 571
93.420, 571
93.439, 561
93.459, 574
93.480, 563
93.500, 571
93.521, 575
93.541, 573
93.560, 571
93.580, 572
93.601, 559
93.621, 566
93.641, 561
93.660, 572
93.680, 554
93.701, 564
93.721, 540
93.742, 544
93.762, 548
93.781, 555
93.801, 539
93.821, 529
93.841, 534
93.862, 536
93.882, 531
93.901, 542
93.921, 529
93.942, 520
93.962, 520
93.982, 510
94.003, 511
94.021, 506
94.042, 532
94.062, 544
94.083, 599
94.103, 620
94.124, 654
94.142, 689
94.163, 694
94.183, 695
94.204, 714
94.223, 715
94.243, 725
94.262, 731
94.283, 717
94.303, 703
94.323, 687
94.344, 672
94.362, 708
94.383, 690
94.403, 694
94.424, 679
94.444, 670
94.465, 667
94.483, 670
94.504, 656
94.524, 648
94.545, 636
94.565, 612
94.586, 624
94.604, 614
94.625, 620
94.645, 584
94.664, 586
94.685, 589
94.705, 585
94.724, 590
94.744, 583
94.765, 570
94.785, 570
94.806, 572
94.824, 568
94.845, 558
94.865, 556
94.886, 535
94.906, 550
94.927, 544
94.945, 537
94.966, 531
94.986, 538
95.006, 538
95.027, 558
95.047, 547
95.066, 561
95.086, 565
95.106, 576
95.126, 572
95.147, 572
95.167, 569
95.186, 574
95.206, 576
95.227, 585
95.247, 571
95.268, 576
95.288, 568
95.307, 591
95.327, 576
95.347, 578
95.368, 576
95.388, 564
95.407, 556
95.427, 559
95.448, 567
95.468, 547
95.489, 556
95.508, 537
95.528, 542
95.547, 538
95.568, 546
95.588, 533
95.609, 536
95.629, 519
95.648, 529
95.668, 519
95.688, 514
95.709, 511
95.729, 505
95.750, 493
95.768, 529
95.789, 532
95.809, 554
95.830, 583
95.850, 622
95.871, 651
95.889, 676
95.910, 684
95.930, 701
95.950, 712
95.970, 716
95.989, 731
96.009, 736
96.029, 723
96.050, 723
96.070, 708
96.091, 712
96.109, 707
96.130, 693
96.150, 697
96.171, 695
96.191, 668
96.212, 681
96.230, 680
96.251, 667
96.271, 671
96.292, 663
96.312, 656
96.332, 633
96.351, 633
96.370, 612
96.391, 603
96.411, 602
96.432, 605
96.452, 612
96.471, 603
96.491, 594
96.512, 583
96.532, 582
96.553, 576
96.571, 577
96.592, 578
96.612, 572
96.633, 544
96.653, 562
96.674, 528
96.692, 550
96.712, 522
96.733, 527
96.753, 523
96.773, 528
96.793, 554
96.813, 565
96.832, 561
96.853, 555
96.873, 544
96.894, 571
96.914, 578
96.933, 579
96.953, 565
96.974, 575
96.994, 578
97.015, 580
97.035, 586
97.053, 579
97.074, 589
97.094, 572
97.115, 566
97.135, 564
97.154, 563
97.174, 574
97.195, 566
97.215, 560
97.235, 566
97.255, 566
97.274, 559
97.294, 556
97.315, 552
97.335, 545
97.356, 541
97.376, 542
97.394, 541
97.415, 534
97.435, 525
97.456, 522
97.476, 524
97.497, 516
97.515, 517
97.536, 506
97.556, 486
97.577, 498
97.597, 516
97.618, 531
97.636, 564
97.657, 577
97.676, 619
97.697, 652
97.717, 676
97.735, 696
97.756, 699
97.776, 723
97.797, 701
97.817, 693
97.838, 690
97.856, 728
97.877, 718
97.897, 715
97.918, 704
97.938, 659
97.959, 669
97.977, 679
97.998, 662
98.018, 686
98.039, 670
98.059, 669
98.078, 667
98.098, 658
98.117, 637
98.138, 616
98.158, 625
98.179, 642
98.197, 632
98.218, 610
98.238, 582
98.259, 569
98.279, 596
98.300, 598
98.318, 589
98.339, 563
98.359, 569
98.380, 551
98.400, 568
98.421, 574
98.439, 558
98.459, 557
98.480, 568
98.500, 550
98.520, 547
98.540, 523
98.559, 539
98.579, 524
98.600, 552
98.620, 552
98.641, 532
98.661, 538
98.680, 555
98.700, 552
98.721, 570
98.741, 567
98.761, 546
98.782, 561
98.800, 578
98.821, 575
98.841, 579
98.862, 570
98.882, 572
98.901, 584
98.921, 578
98.942, 582
98.961, 562
98.982, 563
99.002, 569
99.021, 570
99.041, 562
99.062, 565
99.082, 552
99.102, 556
99.123, 549
99.141, 548
99.162, 536
99.182, 553
